,Case Status,Unnamed: 1
,Case Status,Unnamed: 1
,Case Status,Unnamed: 1
,Case Status,Unnamed: 1
,Case Status,Unnamed: 1
,Case Status,Unnamed: 1
,Case Status,Unnamed: 1
,Case Status,Unnamed: 1
,Case Status,Unnamed: 1
,Case Status,Unnamed: 1
,Case Status,Unnamed: 1
,Case Status,Unnamed: 1
,Case Status,Unnamed: 1
,Case Status,Unnamed: 1
,Case Status,Unnamed: 1
,Case Status,Unnamed: 1
,Case Status,Unnamed: 1
,Case Status,Unnamed: 1
,Case Status,Unnamed: 1
,Case Status,Unnamed: 1
,Case Status,Unnamed: 1
,Case Status,Unnamed: 1
,Case Status,Unnamed: 1
,Case Status,Unnamed: 1
,Case Status,Unnamed: 1
,Case Status,Unnamed: 1
,Case Status,Unnamed: 1
,Case Status,Unnamed: 1
,Case Status,Unnamed: 1
,Case Status,Unnamed: 1
,Case Status,Unnamed: 1
,Case Status,Unnamed: 1
,Case Status,Unnamed: 1
,Case Status,Unnamed: 1
,Case Status,Unnamed: 1
,Case Status,Unnamed: 1
,Case Status,Unnamed: 1
,Case Status,Unnamed: 1
,Case Status,Unnamed: 1
,Case Status,Unnamed: 1
,Case Status,Unnamed: 1
,Case Status,Unnamed: 1
,Case Status,Unnamed: 1
,Case Status,Unnamed: 1
,Case Status,Unnamed: 1
,Case Status,Unnamed: 1
,Case Status,Unnamed: 1
,Case Status,Unnamed: 1
,Case Status,Unnamed: 1
,Case Status,Unnamed: 1
,Case Status,Unnamed: 1
,Case Status,Unnamed: 1
,Case Status,Unnamed: 1
,Case Status,Unnamed: 1
,Case Status,Unnamed: 1
,Case Status,Unnamed: 1
,Case Status,Unnamed: 1
,Case Status,Unnamed: 1
,Case Status,Unnamed: 1
,Case Status,Unnamed: 1
,Case Status,Unnamed: 1
,Case Status,Unnamed: 1
,Case Status,Unnamed: 1
,Case Status,Unnamed: 1
,Case Status,Unnamed: 1
,Case Status,Unnamed: 1
,Case Status,Unnamed: 1
,Case Status,Unnamed: 1
,Case Status,Unnamed: 1
,Case Status,Unnamed: 1
,Case Status,Unnamed: 1
,Case Status,Unnamed: 1
,Case Status,Unnamed: 1
,Case Status,Unnamed: 1
,Case Status,Unnamed: 1
,Case Status,Unnamed: 1
,Case Status,Unnamed: 1
,Case Status,Unnamed: 1
,Case Status,Unnamed: 1
,Case Status,Unnamed: 1
,Case Status,Unnamed: 1
,Case Status,Unnamed: 1
,Case Status,Unnamed: 1
,Case Status,Unnamed: 1
,Case Status,Unnamed: 1
,Case Status,Unnamed: 1
,Case Status,Unnamed: 1
,Case Status,Unnamed: 1
,Case Status,Unnamed: 1
,Case Status,Unnamed: 1
,Case Status,Unnamed: 1
,Case Status,Unnamed: 1
,Case Status,Unnamed: 1
,Case Status,Unnamed: 1
,Case Status,Unnamed: 1
,Case Status,Unnamed: 1
,Case Status,Unnamed: 1
,Case Status,Unnamed: 1
,Case Status,Unnamed: 1
,Case Status,Unnamed: 1
,Case Status,Unnamed: 1
,Case Status,Unnamed: 1
,Case Status,Unnamed: 1
,Case Status,Unnamed: 1
,Case Status,Unnamed: 1
,Case Status,Unnamed: 1
,Case Status,Unnamed: 1
,Case Status,Unnamed: 1
,Case Status,Unnamed: 1
,Case Status,Unnamed: 1
,Case Status,Unnamed: 1
,Case Status,Unnamed: 1
,Case Status,Unnamed: 1
,Case Status,Unnamed: 1
,Case Status,Unnamed: 1
,Case Status,Unnamed: 1
,Case Status,Unnamed: 1
,Case Status,Unnamed: 1
,Case Status,Unnamed: 1
,Case Status,Unnamed: 1
,Case Status,Unnamed: 1
,Case Status,Unnamed: 1
,Case Status,Unnamed: 1
,Case Status,Unnamed: 1
,Case Status,Unnamed: 1
,Case Status,Unnamed: 1
,Case Status,Unnamed: 1
,Case Status,Unnamed: 1
,Case Status,Unnamed: 1
,Case Status,Unnamed: 1
,Case Status,Unnamed: 1
,Case Status,Unnamed: 1
,Case Status,Unnamed: 1
,Case Status,Unnamed: 1
,Case Status,Unnamed: 1
,Case Status,Unnamed: 1
,Case Status,Unnamed: 1
,Case Status,Unnamed: 1
,Case Status,Unnamed: 1
,Case Status,Unnamed: 1
,Case Status,Unnamed: 1
,Case Status,Unnamed: 1
,Case Status,Unnamed: 1
,Case Status,Unnamed: 1
,Case Status,Unnamed: 1
,Case Status,Unnamed: 1
,Case Status,Unnamed: 1
,Case Status,Unnamed: 1
,Case Status,Unnamed: 1
,Case Status,Unnamed: 1
,Case Status,Unnamed: 1
,Case Status,Unnamed: 1
,Case Status,Unnamed: 1
,Case Status,Unnamed: 1
,Case Status,Unnamed: 1
,Case Status,Unnamed: 1
,Case Status,Unnamed: 1
,Case Status,Unnamed: 1
,Case Status,Unnamed: 1
,Case Status,Unnamed: 1
,Case Status,Unnamed: 1
,Case Status,Unnamed: 1
,Case Status,Unnamed: 1
,Case Status,Unnamed: 1
,Case Status,Unnamed: 1
,Case Status,Unnamed: 1
,Case Status,Unnamed: 1
,Case Status,Unnamed: 1
,Case Status,Unnamed: 1
,Case Status,Unnamed: 1
,Case Status,Unnamed: 1
,Case Status,Unnamed: 1
,Case Status,Unnamed: 1
,Case Status,Unnamed: 1
,Case Status,Unnamed: 1
,Case Status,Unnamed: 1
,Case Status,Unnamed: 1
,Case Status,Unnamed: 1
,Case Status,Unnamed: 1
,Case Status,Unnamed: 1
,Case Status,Unnamed: 1
,Case Status,Unnamed: 1
,Case Status,Unnamed: 1
,Case Status,Unnamed: 1
,Case Status,Unnamed: 1
,Case Status,Unnamed: 1
,Case Status,Unnamed: 1
,Case Status,Unnamed: 1
,Case Status,Unnamed: 1
,Case Status,Unnamed: 1
,Case Status,Unnamed: 1
,Case Status,Unnamed: 1
,Case Status,Unnamed: 1
,Case Status,Unnamed: 1
,Case Status,Unnamed: 1
,Case Status,Unnamed: 1
,Case Status,Unnamed: 1
,Case Status,Unnamed: 1
,Case Status,Unnamed: 1
,Case Status,Unnamed: 1
,Case Status,Unnamed: 1
,Case Status,Unnamed: 1
,Case Status,Unnamed: 1
,Case Status,Unnamed: 1
,Case Status,Unnamed: 1
,Case Status,Unnamed: 1
,Case Status,Unnamed: 1
,Case Status,Unnamed: 1
,Case Status,Unnamed: 1
,Case Status,Unnamed: 1
,Case Status,Unnamed: 1
,Case Status,Unnamed: 1
,Case Status,Unnamed: 1
,Case Status,Unnamed: 1
,Case Status,Unnamed: 1
,Case Status,Unnamed: 1
,Case Status,Unnamed: 1
,Case Status,Unnamed: 1
,Case Status,Unnamed: 1
,Case Status,Unnamed: 1
,Case Status,Unnamed: 1
,Case Status,Unnamed: 1
,Case Status,Unnamed: 1
,Case Status,Unnamed: 1
,Case Status,Unnamed: 1
,Case Status,Unnamed: 1
,Case Status,Unnamed: 1
,Case Status,Unnamed: 1
,Case Status,Unnamed: 1
,Case Status,Unnamed: 1
,Case Status,Unnamed: 1
,Case Status,Unnamed: 1
,Case Status,Unnamed: 1
,Case Status,Unnamed: 1
,Case Status,Unnamed: 1
,Case Status,Unnamed: 1
,Case Status,Unnamed: 1
,Case Status,Unnamed: 1
,Case Status,Unnamed: 1
,Case Status,Unnamed: 1
,Case Status,Unnamed: 1
,Case Status,Unnamed: 1
,Case Status,Unnamed: 1
,Case Status,Unnamed: 1
,Case Status,Unnamed: 1
,Case Status,Unnamed: 1
,Case Status,Unnamed: 1
,Case Status,Unnamed: 1
,Case Status,Unnamed: 1
,Case Status,Unnamed: 1
,Case Status,Unnamed: 1
,Case Status,Unnamed: 1
,Case Status,Unnamed: 1
,Case Status,Unnamed: 1
,Case Status,Unnamed: 1
,Case Status,Unnamed: 1
,Case Status,Unnamed: 1
,Case Status,Unnamed: 1
,Case Status,Unnamed: 1
,Case Status,Unnamed: 1
,Case Status,Unnamed: 1
,Case Status,Unnamed: 1
,Case Status,Unnamed: 1
,Case Status,Unnamed: 1
,Case Status,Unnamed: 1
,Case Status,Unnamed: 1
,Case Status,Unnamed: 1
,Case Status,Unnamed: 1
,Case Status,Unnamed: 1
,Case Status,Unnamed: 1
,Case Status,Unnamed: 1
,Case Status,Unnamed: 1
,Case Status,Unnamed: 1
,Case Status,Unnamed: 1
,Case Status,Unnamed: 1
,Case Status,Unnamed: 1
,Case Status,Unnamed: 1
,Case Status,Unnamed: 1
,Case Status,Unnamed: 1
,Case Status,Unnamed: 1
,Case Status,Unnamed: 1
,Case Status,Unnamed: 1
,Case Status,Unnamed: 1
,Case Status,Unnamed: 1
,Case Status,Unnamed: 1
,Case Status,Unnamed: 1
,Case Status,Unnamed: 1
,Case Status,Unnamed: 1
,Case Status,Unnamed: 1
,Case Status,Unnamed: 1
,Case Status,Unnamed: 1
,Case Status,Unnamed: 1
,Case Status,Unnamed: 1
,Case Status,Unnamed: 1
,Case Status,Unnamed: 1
,Case Status,Unnamed: 1
,Case Status,Unnamed: 1
,Case Status,Unnamed: 1
,Case Status,Unnamed: 1
,Case Status,Unnamed: 1
,Case Status,Unnamed: 1
,Case Status,Unnamed: 1
,Case Status,Unnamed: 1
,Case Status,Unnamed: 1
,Case Status,Unnamed: 1
,Case Status,Unnamed: 1
,Case Status,Unnamed: 1
,Case Status,Unnamed: 1
,Case Status,Unnamed: 1
,Case Status,Unnamed: 1
,Case Status,Unnamed: 1
,Case Status,Unnamed: 1
,Case Status,Unnamed: 1
,Case Status,Unnamed: 1
,Case Status,Unnamed: 1
,Case Status,Unnamed: 1
,Case Status,Unnamed: 1
,Case Status,Unnamed: 1
,Case Status,Unnamed: 1
,Case Status,Unnamed: 1
,Case Status,Unnamed: 1
,Case Status,Unnamed: 1
,Case Status,Unnamed: 1
,Case Status,Unnamed: 1
,Case Status,Unnamed: 1
,Case Status,Unnamed: 1
,Case Status,Unnamed: 1
,Case Status,Unnamed: 1
,Case Status,Unnamed: 1
,Case Status,Unnamed: 1
,Case Status,Unnamed: 1
,Case Status,Unnamed: 1
,Case Status,Unnamed: 1
,Case Status,Unnamed: 1
,Case Status,Unnamed: 1
,Case Status,Unnamed: 1
,Case Status,Unnamed: 1
,Case Status,Unnamed: 1
,Case Status,Unnamed: 1
,Case Status,Unnamed: 1
,Case Status,Unnamed: 1
,Case Status,Unnamed: 1
,Case Status,Unnamed: 1
,Case Status,Unnamed: 1
,Case Status,Unnamed: 1
,Case Status,Unnamed: 1
,Case Status,Unnamed: 1
,Case Status,Unnamed: 1
,Case Status,Unnamed: 1
,Case Status,Unnamed: 1
,Case Status,Unnamed: 1
,Case Status,Unnamed: 1
,Case Status,Unnamed: 1
,Case Status,Unnamed: 1
,Case Status,Unnamed: 1
,Case Status,Unnamed: 1
,Case Status,Unnamed: 1
,Case Status,Unnamed: 1
,Case Status,Unnamed: 1
,Case Status,Unnamed: 1
,Case Status,Unnamed: 1
,Case Status,Unnamed: 1
,Case Status,Unnamed: 1
,Case Status,Unnamed: 1
,Case Status,Unnamed: 1
,Case Status,Unnamed: 1
,Case Status,Unnamed: 1
,Case Status,Unnamed: 1
,Case Status,Unnamed: 1
,Case Status,Unnamed: 1
,Case Status,Unnamed: 1
,Case Status,Unnamed: 1
,Case Status,Unnamed: 1
,Case Status,Unnamed: 1
,Case Status,Unnamed: 1
,Case Status,Unnamed: 1
,Case Status,Unnamed: 1
,Case Status,Unnamed: 1
,Case Status,Unnamed: 1
,Case Status,Unnamed: 1
,Case Status,Unnamed: 1
,Case Status,Unnamed: 1
,Case Status,Unnamed: 1
,Case Status,Unnamed: 1
,Case Status,Unnamed: 1
,Case Status,Unnamed: 1
,Case Status,Unnamed: 1
,Case Status,Unnamed: 1
,Case Status,Unnamed: 1
,Case Status,Unnamed: 1
,Case Status,Unnamed: 1
,Case Status,Unnamed: 1
,Case Status,Unnamed: 1
,Case Status,Unnamed: 1
,Case Status,Unnamed: 1
,Case Status,Unnamed: 1
,Case Status,Unnamed: 1
,Case Status,Unnamed: 1
,Case Status,Unnamed: 1
,Case Status,Unnamed: 1
,Case Status,Unnamed: 1
,Case Status,Unnamed: 1
,Case Status,Unnamed: 1
,Case Status,Unnamed: 1
,Case Status,Unnamed: 1
,Case Status,Unnamed: 1
,Case Status,Unnamed: 1
,Case Status,Unnamed: 1
,Case Status,Unnamed: 1
,Case Status,Unnamed: 1
,Case Status,Unnamed: 1
,Case Status,Unnamed: 1
,Case Status,Unnamed: 1
,Case Status,Unnamed: 1
,Case Status,Unnamed: 1
,Case Status,Unnamed: 1
,Case Status,Unnamed: 1
,Case Status,Unnamed: 1
,Case Status,Unnamed: 1
,Case Status,Unnamed: 1
,Case Status,Unnamed: 1
,Case Status,Unnamed: 1
,Case Status,Unnamed: 1
,Case Status,Unnamed: 1
,Case Status,Unnamed: 1
,Case Status,Unnamed: 1
,Case Status,Unnamed: 1
,Case Status,Unnamed: 1
,Case Status,Unnamed: 1
,Case Status,Unnamed: 1
,Case Status,Unnamed: 1
,Case Status,Unnamed: 1
,Case Status,Unnamed: 1
,Case Status,Unnamed: 1
,Case Status,Unnamed: 1
,Case Status,Unnamed: 1
,Case Status,Unnamed: 1
,Case Status,Unnamed: 1
,Case Status,Unnamed: 1
,Case Status,Unnamed: 1
,Case Status,Unnamed: 1
,Case Status,Unnamed: 1
,Case Status,Unnamed: 1
,Case Status,Unnamed: 1
,Case Status,Unnamed: 1
,Case Status,Unnamed: 1
,Case Status,Unnamed: 1
,Case Status,Unnamed: 1
,Case Status,Unnamed: 1
,Case Status,Unnamed: 1
,Case Status,Unnamed: 1
,Case Status,Unnamed: 1
,Case Status,Unnamed: 1
,Case Status,Unnamed: 1
,Case Status,Unnamed: 1
,Case Status,Unnamed: 1
,Case Status,Unnamed: 1
,Case Status,Unnamed: 1
,Case Status,Unnamed: 1
,Case Status,Unnamed: 1
,Case Status,Unnamed: 1
,Case Status,Unnamed: 1
,Case Status,Unnamed: 1
,Case Status,Unnamed: 1
,Case Status,Unnamed: 1
,Case Status,Unnamed: 1
,Case Status,Unnamed: 1
,Case Status,Unnamed: 1
,Case Status,Unnamed: 1
,Case Status,Unnamed: 1
,Case Status,Unnamed: 1
,Case Status,Unnamed: 1
,Case Status,Unnamed: 1
,Case Status,Unnamed: 1
,Case Status,Unnamed: 1
,Case Status,Unnamed: 1
,Case Status,Unnamed: 1
,Case Status,Unnamed: 1
,Case Status,Unnamed: 1
,Case Status,Unnamed: 1
,Case Status,Unnamed: 1
,Case Status,Unnamed: 1
,Case Status,Unnamed: 1
,Case Status,Unnamed: 1
,Case Status,Unnamed: 1
,Case Status,Unnamed: 1
,Case Status,Unnamed: 1
,Case Status,Unnamed: 1
,Case Status,Unnamed: 1
,Case Status,Unnamed: 1
,Case Status,Unnamed: 1
,Case Status,Unnamed: 1
,Case Status,Unnamed: 1
,Case Status,Unnamed: 1
,Case Status,Unnamed: 1
,Case Status,Unnamed: 1
,Case Status,Unnamed: 1
,Case Status,Unnamed: 1
,Case Status,Unnamed: 1
,Case Status,Unnamed: 1
,Case Status,Unnamed: 1
,Case Status,Unnamed: 1
,Case Status,Unnamed: 1
,Case Status,Unnamed: 1
,Case Status,Unnamed: 1
,Case Status,Unnamed: 1
,Case Status,Unnamed: 1
,Case Status,Unnamed: 1
,Case Status,Unnamed: 1
,Case Status,Unnamed: 1
,Case Status,Unnamed: 1
,Case Status,Unnamed: 1
,Case Status,Unnamed: 1
,Case Status,Unnamed: 1
,Case Status,Unnamed: 1
,Case Status,Unnamed: 1
,Case Status,Unnamed: 1
,Case Status,Unnamed: 1
,Case Status,Unnamed: 1
,Case Status,Unnamed: 1
,Case Status,Unnamed: 1
,Case Status,Unnamed: 1
,Case Status,Unnamed: 1
,Case Status,Unnamed: 1
,Case Status,Unnamed: 1
,Case Status,Unnamed: 1
,Case Status,Unnamed: 1
,Case Status,Unnamed: 1
,Case Status,Unnamed: 1
,Case Status,Unnamed: 1
,Case Status,Unnamed: 1
,Case Status,Unnamed: 1
